{
    "type": "botanypots:crop",
    "conditions": [
        {
            "type": "forge:mod_loaded",
            "modid": "environmental"
        }
    ],
    "seed": {
        "item": "environmental:cattail_seeds"
    },
    "categories": [
        "mud"
    ],
    "growthTicks": 1200,
    "display": {
        "block": "environmental:tall_cattail",
		"properties": {
			"age": 0,
			"waterlogged": false,
			"fake_waterlogged": true
		}
    },
    "results": [
        {
            "chance": 0.5,
            "output": {
                "item": "environmental:cattail"
            },
            "minRolls": 1,
            "maxRolls": 1
        },
			{           
			"chance": 0.65,
            "output": {
                "item": "environmental:cattail_seeds"
            },
            "minRolls": 1,
            "maxRolls": 3
        }
    ]
}