{
    "type": "botanypots:crop",
    "conditions": [
        {
            "type": "forge:mod_loaded",
            "modid": "environmental"
        }
    ],
    "seed": {
        "item": "environmental:rice"
    },
    "categories": [
        "dirt"
    ],
    "growthTicks": 1200,
    "display": {
        "block": "environmental:tall_rice",
		"properties": {
			"age": 7,
			"waterlogged": false
		}
    },
    "results": [
        {
            "chance": 0.5,
            "output": {
                "item": "environmental:rice"
            },
            "minRolls": 1,
            "maxRolls": 4
        }
    ]
}