{
    "type": "botanypots:crop",
    "conditions": [
        {
            "type": "forge:mod_loaded",
            "modid": "atmospheric"
        }
    ],
    "seed": {
        "item": "atmospheric:aloe_kernels"
    },
    "categories": [
        "arid sand"
    ],
    "growthTicks": 1500,
    "display": {
        "block": "atmospheric:tall_aloe_vera",
        "properties": {
            "age": 6
        }
    },
 "results": [
        {
            "chance": 0.65,
            "output": {
                "item": "atmospheric:aloe_leaves"
            },
            "minRolls": 1,
            "maxRolls": 2
        },
        {
            "chance": 0.65,
            "output": {
                "item": "atmospheric:yellow_blossoms"
            },
            "minRolls": 3,
            "maxRolls": 3
        },
        {
            "chance": 0.65,
            "output": {
                "item": "atmospheric:aloe_kernels"
            },
            "minRolls": 1,
            "maxRolls": 5
        }
    ]
}